[
    {
        "imageUrl": "https://rukminim2.flixcart.com/image/612/612/l02r1jk0/shirt/j/s/j/xxl-fbrml-r-fibermill-original-imagbxyuhy2pcjkg.jpeg?q=70",
        "brand": "ROADSTAR",
        "title": "Men Regular Fit  Collar Formal Shirt",
        "color": "PINK",
        "discountedPrice": 299,
        "price": 1299,
        "discountPersent": 76,
        "size": [
            {
              "name": "S",
              "quantity": 20
            },
            {
              "name": "M",
              "quantity": 30
            },
            {
              "name": "L",
              "quantity": 50
            }
          ],
          "quantity": 100,
          "topLavelCategory": "Men",
          "secondLavelCategory": "Clothing",
          "thirdLavelCategory": "shirt",
          "description":"A traditional garment embodying elegance and grace. Crafted from fine fabrics, it features intricate embroidery and a relaxed fit, providing comfort and style."
    },
    {
        "imageUrl": "https://rukminim2.flixcart.com/image/612/612/xif0q/shirt/o/b/x/m-st2-vebnor-original-imagpw7whypwrjeg.jpeg?q=70",
        "brand": "US POLO",
        "title": "Men Regular Collar Formal Shirt",
        "color": "MAROON",
        "discountedPrice": 1299,
        "price": 1899,
        "discountPersent": 66,
        "size": [
            {
              "name": "S",
              "quantity": 20
            },
            {
              "name": "M",
              "quantity": 30
            },
            {
              "name": "L",
              "quantity": 50
            }
          ],
          "quantity": 100,
          "topLavelCategory": "Men",
          "secondLavelCategory": "Clothing",
          "thirdLavelCategory": "shirt",
          "description":"A traditional garment embodying elegance and grace. Crafted from fine fabrics, it features intricate embroidery and a relaxed fit, providing comfort and style."
    },
    {
        "imageUrl": "https://rukminim2.flixcart.com/image/612/612/kkr72q80/shirt/f/r/m/38-12442634-roadster-original-imagyyymzeytwzeg.jpeg?q=700",
        "brand": "ROADSTAR",
        "title": "Men Regular Fit Solid Chinese Collar  Shirt",
        "color": "sea green",
        "discountedPrice": 599,
        "price": 1299,
        "discountPersent": 76,
        "size": [
            {
              "name": "S",
              "quantity": 20
            },
            {
              "name": "M",
              "quantity": 30
            },
            {
              "name": "L",
              "quantity": 50
            }
          ],
          "quantity": 100,
          "topLavelCategory": "Men",
          "secondLavelCategory": "Clothing",
          "thirdLavelCategory": "shirt",
          "description":"A traditional garment embodying elegance and grace. Crafted from fine fabrics, it features intricate embroidery and a relaxed fit, providing comfort and style."
    },
    {
        "imageUrl": "https://rukminim1.flixcart.com/image/612/612/xif0q/shirt/j/x/v/-original-imaghrnsfvbhrsny.jpeg?q=70",
        "brand": "PETER ENGLAND",
        "title": "Men Regular Fit Checkered Spread Collar Formal Shirt",
        "color": "white",
        "discountedPrice": 879,
        "price": 1599,
        "discountPersent": 45,
        "size": [
            {
              "name": "S",
              "quantity": 20
            },
            {
              "name": "M",
              "quantity": 30
            },
            {
              "name": "L",
              "quantity": 50
            }
          ],
          "quantity": 100,
          "topLavelCategory": "Men",
          "secondLavelCategory": "Clothing",
          "thirdLavelCategory": "shirt",
          "description":"A traditional garment embodying elegance and grace. Crafted from fine fabrics, it features intricate embroidery and a relaxed fit, providing comfort and style."
    },
    {
        "imageUrl": "https://rukminim1.flixcart.com/image/612/612/xif0q/shirt/7/k/2/xl-kcsh-fo-1647-ma-fubar-original-imaghehzpwgjzg2y.jpeg?q=70",
        "brand": "FUBAR",
        "title": "Men Slim Fit Solid Spread Collar Formal Shirt",
        "color": "white",
        "discountedPrice": 419,
        "price": 1648,
        "discountPersent": 74,
        "size": [
            {
              "name": "S",
              "quantity": 20
            },
            {
              "name": "M",
              "quantity": 30
            },
            {
              "name": "L",
              "quantity": 50
            }
          ],
          "quantity": 100,
          "topLavelCategory": "Men",
          "secondLavelCategory": "Clothing",
          "thirdLavelCategory": "shirt",
          "description":"A traditional garment embodying elegance and grace. Crafted from fine fabrics, it features intricate embroidery and a relaxed fit, providing comfort and style."
    },
    {
        "imageUrl": "https://rukminim1.flixcart.com/image/612/612/xif0q/shirt/x/m/n/40-men-regular-slim-fit-solid-button-down-collar-formal-shirt-original-imagf4mn9zg7qrmf-bb.jpeg?q=70",
        "brand": "MILDIN",
        "title": "Men Slim Fit Solid Spread Collar Formal Shirt",
        "color": "white",
        "discountedPrice": 399,
        "price": 1299,
        "discountPersent": 69,
        "size": [
            {
              "name": "S",
              "quantity": 20
            },
            {
              "name": "M",
              "quantity": 30
            },
            {
              "name": "L",
              "quantity": 50
            }
          ],
          "quantity": 100,
          "topLavelCategory": "Men",
          "secondLavelCategory": "Clothing",
          "thirdLavelCategory": "shirt",
          "description":"A traditional garment embodying elegance and grace. Crafted from fine fabrics, it features intricate embroidery and a relaxed fit, providing comfort and style."
    },
    {
        "imageUrl": "https://rukminim1.flixcart.com/image/612/612/xif0q/shirt/z/q/n/l-frml-st2-vebnor-original-imagqwyfw9gguwvc.jpeg?q=70",
        "brand": "VeBNoR",
        "title": "Men Regular Fit Solid Button Down Collar Formal Shirt",
        "color": "white",
        "discountedPrice": 379,
        "price": 1849,
        "discountPersent": 79,
        "size": [
            {
              "name": "S",
              "quantity": 20
            },
            {
              "name": "M",
              "quantity": 30
            },
            {
              "name": "L",
              "quantity": 50
            }
          ],
          "quantity": 100,
          "topLavelCategory": "Men",
          "secondLavelCategory": "Clothing",
          "thirdLavelCategory": "shirt",
          "description":"A traditional garment embodying elegance and grace. Crafted from fine fabrics, it features intricate embroidery and a relaxed fit, providing comfort and style."
    },
    {
        "imageUrl": "https://rukminim1.flixcart.com/image/612/612/xif0q/shirt/w/0/g/xl-bkchx3-bk-brand-original-imagqfdgf3s6fefd.jpeg?q=70",
        "brand": "BK BRAND",
        "title": "Men Regular Fit Checkered Spread Collar Formal Shirt",
        "color": "white",
        "discountedPrice": 498,
        "price": 999,
        "discountPersent": 50,
        "size": [
            {
              "name": "S",
              "quantity": 20
            },
            {
              "name": "M",
              "quantity": 30
            },
            {
              "name": "L",
              "quantity": 50
            }
          ],
          "quantity": 100,
          "topLavelCategory": "Men",
          "secondLavelCategory": "Clothing",
          "thirdLavelCategory": "shirt",
          "description":"A traditional garment embodying elegance and grace. Crafted from fine fabrics, it features intricate embroidery and a relaxed fit, providing comfort and style."
    },
    {
        "imageUrl": "https://rukminim1.flixcart.com/image/612/612/l13whow0/shirt/p/3/a/44-dbhs1703-01-3bros-original-imagcr4fhjtjcyqw.jpeg?q=70",
        "brand": "3BROS",
        "title": "Men Regular Fit Solid Spread Collar Formal Shirt",
        "color": "white",
        "discountedPrice": 499,
        "price": 799,
        "discountPersent": 50,
        "size": [
            {
              "name": "S",
              "quantity": 20
            },
            {
              "name": "M",
              "quantity": 30
            },
            {
              "name": "L",
              "quantity": 50
            }
          ],
          "quantity": 100,
          "topLavelCategory": "Men",
          "secondLavelCategory": "Clothing",
          "thirdLavelCategory": "shirt",
          "description":"A traditional garment embodying elegance and grace. Crafted from fine fabrics, it features intricate embroidery and a relaxed fit, providing comfort and style."
    },
    {
        "imageUrl": "https://rukminim1.flixcart.com/image/612/612/xif0q/shirt/5/7/k/m-dbfs1703-01-3bros-original-imagbghcf5bg3zwm-bb.jpeg?q=70",
        "brand": "3BROS",
        "title": "Men Regular Fit Solid Spread Collar Formal Shirt",
        "color": "white",
        "discountedPrice": 499,
        "price": 1799,
        "discountPersent": 72,
        "size": [
            {
              "name": "S",
              "quantity": 20
            },
            {
              "name": "M",
              "quantity": 30
            },
            {
              "name": "L",
              "quantity": 50
            }
          ],
          "quantity": 100,
          "topLavelCategory": "Men",
          "secondLavelCategory": "Clothing",
          "thirdLavelCategory": "shirt",
          "description":"A traditional garment embodying elegance and grace. Crafted from fine fabrics, it features intricate embroidery and a relaxed fit, providing comfort and style."
    },
    {
        "imageUrl": "https://rukminim1.flixcart.com/image/612/612/l3t2fm80/shirt/k/q/h/l-r-white-stoneberg-original-imageum3rhbkphxd.jpeg?q=70",
        "brand": "STONEBERG",
        "title": "Men Slim Fit Solid Spread Collar Formal Shirt",
        "color": "white",
        "discountedPrice": 409,
        "price": 1599,
        "discountPersent": 74,
        "size": [
            {
              "name": "S",
              "quantity": 20
            },
            {
              "name": "M",
              "quantity": 30
            },
            {
              "name": "L",
              "quantity": 50
            }
          ],
          "quantity": 100,
          "topLavelCategory": "Men",
          "secondLavelCategory": "Clothing",
          "thirdLavelCategory": "shirt",
          "description":"A traditional garment embodying elegance and grace. Crafted from fine fabrics, it features intricate embroidery and a relaxed fit, providing comfort and style."
    },
    {
        "imageUrl": "https://rukminim1.flixcart.com/image/612/612/ksdjma80/shirt/f/2/i/xl-men-solid-casual-shirt-refresh-original-imag5ymxgwqgx62k.jpeg?q=70",
        "brand": "Refresh",
        "title": "Men Regular Fit Solid Spread Collar Formal Shirt",
        "color": "white",
        "discountedPrice": 449,
        "price": 999,
        "discountPersent": 55,
        "size": [
            {
              "name": "S",
              "quantity": 20
            },
            {
              "name": "M",
              "quantity": 30
            },
            {
              "name": "L",
              "quantity": 50
            }
          ],
          "quantity": 100,
          "topLavelCategory": "Men",
          "secondLavelCategory": "Clothing",
          "thirdLavelCategory": "shirt",
          "description":"A traditional garment embodying elegance and grace. Crafted from fine fabrics, it features intricate embroidery and a relaxed fit, providing comfort and style."
    },
    {
        "imageUrl": "https://rukminim1.flixcart.com/image/612/612/xif0q/shirt/d/d/y/-original-imagp8qe6mzhmydv.jpeg?q=70",
        "brand": "ARROW",
        "title": "Men Slim Fit Self Design Cut Away Collar Formal Shirt",
        "color": "white",
        "discountedPrice": 949,
        "price": 2499,
        "discountPersent": 62,
        "size": [
            {
              "name": "S",
              "quantity": 20
            },
            {
              "name": "M",
              "quantity": 30
            },
            {
              "name": "L",
              "quantity": 50
            }
          ],
          "quantity": 100,
          "topLavelCategory": "Men",
          "secondLavelCategory": "Clothing",
          "thirdLavelCategory": "shirt",
          "description":"A traditional garment embodying elegance and grace. Crafted from fine fabrics, it features intricate embroidery and a relaxed fit, providing comfort and style."
    },
    {
        "imageUrl": "https://rukminim1.flixcart.com/image/612/612/xif0q/shirt/j/b/f/40-peshwnupy62747-peter-england-original-imagpzhh3kvah5ut.jpeg?q=70",
        "brand": "PETER ENGLAND",
        "title": "Men Regular Fit Checkered Formal Shirt",
        "color": "white",
        "discountedPrice": 899,
        "price": 1799,
        "discountPersent": 50,
        "size": [
            {
              "name": "S",
              "quantity": 20
            },
            {
              "name": "M",
              "quantity": 30
            },
            {
              "name": "L",
              "quantity": 50
            }
          ],
          "quantity": 100,
          "topLavelCategory": "Men",
          "secondLavelCategory": "Clothing",
          "thirdLavelCategory": "shirt",
          "description":"A traditional garment embodying elegance and grace. Crafted from fine fabrics, it features intricate embroidery and a relaxed fit, providing comfort and style."
    },
    {
        "imageUrl": "https://rukminim1.flixcart.com/image/612/612/xif0q/shirt/l/j/u/40-vhsflcufm32037-van-heusen-original-imaggb9fhs7rfggd.jpeg?q=70",
        "brand": "VAN HEUSEN",
        "title": "Men Regular Fit Checkered Spread Collar Formal Shirt",
        "color": "white",
        "discountedPrice": 1099,
        "price": 2799,
        "discountPersent": 62,
        "size": [
            {
              "name": "S",
              "quantity": 20
            },
            {
              "name": "M",
              "quantity": 30
            },
            {
              "name": "L",
              "quantity": 50
            }
          ],
          "quantity": 100,
          "topLavelCategory": "Men",
          "secondLavelCategory": "Clothing",
          "thirdLavelCategory": "shirt",
          "description":"A traditional garment embodying elegance and grace. Crafted from fine fabrics, it features intricate embroidery and a relaxed fit, providing comfort and style."
    },
    {
        "imageUrl": "https://rukminim1.flixcart.com/image/612/612/xif0q/shirt/u/e/j/40-aradosh1241-arrow-original-imagp7tyb6kkzzem.jpeg?q=70",
        "brand": "ARROW",
        "title": "Men Slim Fit Printed Cut Away Collar Formal Shirt",
        "color": "white",
        "discountedPrice": 911,
        "price": 2399,
        "discountPersent": 62,
        "size": [
            {
              "name": "S",
              "quantity": 20
            },
            {
              "name": "M",
              "quantity": 30
            },
            {
              "name": "L",
              "quantity": 50
            }
          ],
          "quantity": 100,
          "topLavelCategory": "Men",
          "secondLavelCategory": "Clothing",
          "thirdLavelCategory": "shirt",
          "description":"A traditional garment embodying elegance and grace. Crafted from fine fabrics, it features intricate embroidery and a relaxed fit, providing comfort and style."
    },
    {
        "imageUrl": "https://rukminim1.flixcart.com/image/612/612/xif0q/shirt/2/5/5/m-hs-printed-3bros-original-imaggxfcyyb8ggcw.jpeg?q=70",
        "brand": "3BROS",
        "title": "Men Regular Fit Printed Spread Collar Formal Shirt",
        "color": "white",
        "discountedPrice": 499,
        "price": 1799,
        "discountPersent": 72,
        "size": [
            {
              "name": "S",
              "quantity": 20
            },
            {
              "name": "M",
              "quantity": 30
            },
            {
              "name": "L",
              "quantity": 50
            }
          ],
          "quantity": 100,
          "topLavelCategory": "Men",
          "secondLavelCategory": "Clothing",
          "thirdLavelCategory": "shirt",
          "description":"A traditional garment embodying elegance and grace. Crafted from fine fabrics, it features intricate embroidery and a relaxed fit, providing comfort and style."
    },
    {
        "imageUrl": "https://rukminim1.flixcart.com/image/612/612/xif0q/shirt/t/l/y/s-523299-v-mart-original-imagjyhuccmdw98h.jpeg?q=70",
        "brand": "V-MART",
        "title": "Men Regular Fit Solid Spread Collar Formal Shirt",
        "color": "white",
        "discountedPrice": 499,
        "price": 960,
        "discountPersent": 16,
        "size": [
            {
              "name": "S",
              "quantity": 20
            },
            {
              "name": "M",
              "quantity": 30
            },
            {
              "name": "L",
              "quantity": 50
            }
          ],
          "quantity": 100,
          "topLavelCategory": "Men",
          "secondLavelCategory": "Clothing",
          "thirdLavelCategory": "shirt",
          "description":"A traditional garment embodying elegance and grace. Crafted from fine fabrics, it features intricate embroidery and a relaxed fit, providing comfort and style."
    },
    {
        "imageUrl": "https://rukminim1.flixcart.com/image/612/612/kxf0jgw0/shirt/l/p/v/42-pesfonubc93225-peter-england-original-imag9vp36vthbdbq.jpeg?q=70",
        "brand": "PETER ENGLAND",
        "title": "Men Regular Fit Solid Spread Collar Formal Shirt",
        "color": "white",
        "discountedPrice": 719,
        "price": 1199,
        "discountPersent": 40,
        "size": [
            {
              "name": "S",
              "quantity": 20
            },
            {
              "name": "M",
              "quantity": 30
            },
            {
              "name": "L",
              "quantity": 50
            }
          ],
          "quantity": 100,
          "topLavelCategory": "Men",
          "secondLavelCategory": "Clothing",
          "thirdLavelCategory": "shirt",
          "description":"A traditional garment embodying elegance and grace. Crafted from fine fabrics, it features intricate embroidery and a relaxed fit, providing comfort and style."
    },
    {
        "imageUrl": "https://rukminim1.flixcart.com/image/612/612/xif0q/shirt/0/h/v/40-peshwnufw80868-peter-england-original-imagpmdjdpj9rdzc.jpeg?q=70",
        "brand": "PETER ENGLAND",
        "title": "Men Regular Fit Checkered Formal Shirt",
        "color": "white",
        "discountedPrice": 899,
        "price": 1799,
        "discountPersent": 50,
        "size": [
            {
              "name": "S",
              "quantity": 20
            },
            {
              "name": "M",
              "quantity": 30
            },
            {
              "name": "L",
              "quantity": 50
            }
          ],
          "quantity": 100,
          "topLavelCategory": "Men",
          "secondLavelCategory": "Clothing",
          "thirdLavelCategory": "shirt",
          "description":"A traditional garment embodying elegance and grace. Crafted from fine fabrics, it features intricate embroidery and a relaxed fit, providing comfort and style."
    },
    {
        "imageUrl": "https://rukminim1.flixcart.com/image/612/612/kxrvi4w0/shirt/s/f/5/l-nvk-mand-nivick-original-imaga5qasjycs4ey.jpeg?q=70",
        "brand": "NIVICK",
        "title": "Men Slim Fit Solid Mandarin Collar Formal Shirt",
        "color": "white",
        "discountedPrice": 499,
        "price": 1499,
        "discountPersent": 66,
        "size": [
            {
              "name": "S",
              "quantity": 20
            },
            {
              "name": "M",
              "quantity": 30
            },
            {
              "name": "L",
              "quantity": 50
            }
          ],
          "quantity": 100,
          "topLavelCategory": "Men",
          "secondLavelCategory": "Clothing",
          "thirdLavelCategory": "shirt",
          "description":"A traditional garment embodying elegance and grace. Crafted from fine fabrics, it features intricate embroidery and a relaxed fit, providing comfort and style."
    },
    {
        "imageUrl": "https://rukminim1.flixcart.com/image/612/612/xif0q/shirt/b/v/p/xl-jiodfgvmnjioefkllklhndgv-pockman-original-imagphvmxtgrbcga.jpeg?q=70",
        "brand": "UNICONIC",
        "title": "Men Slim Fit Solid Spread Collar Formal Shirt",
        "color": "whitePack of 2",
        "discountedPrice": 799,
        "price": 1499,
        "discountPersent": 46,
        "size": [
            {
              "name": "S",
              "quantity": 20
            },
            {
              "name": "M",
              "quantity": 30
            },
            {
              "name": "L",
              "quantity": 50
            }
          ],
          "quantity": 100,
          "topLavelCategory": "Men",
          "secondLavelCategory": "Clothing",
          "thirdLavelCategory": "shirt",
          "description":"A traditional garment embodying elegance and grace. Crafted from fine fabrics, it features intricate embroidery and a relaxed fit, providing comfort and style."
    },
    {
        "imageUrl": "https://rukminim1.flixcart.com/image/612/612/xif0q/shirt/g/b/b/xl-kcsh-mln-1647-wh-fubar-original-imagmpn3bhqckxvj.jpeg?q=70",
        "brand": "FUBAR",
        "title": "Men Slim Fit Solid Spread Collar Formal Shirt",
        "color": "white",
        "discountedPrice": 419,
        "price": 1648,
        "discountPersent": 74,
        "size": [
            {
              "name": "S",
              "quantity": 20
            },
            {
              "name": "M",
              "quantity": 30
            },
            {
              "name": "L",
              "quantity": 50
            }
          ],
          "quantity": 100,
          "topLavelCategory": "Men",
          "secondLavelCategory": "Clothing",
          "thirdLavelCategory": "shirt",
          "description":"A traditional garment embodying elegance and grace. Crafted from fine fabrics, it features intricate embroidery and a relaxed fit, providing comfort and style."
    },
    {
        "imageUrl": "https://rukminim1.flixcart.com/image/612/612/xif0q/shirt/n/b/d/-original-imagz3jbhdvxfpkp.jpeg?q=70",
        "brand": "ARROW",
        "title": "Men Slim Fit Checkered Spread Collar Formal Shirt",
        "color": "white",
        "discountedPrice": 949,
        "price": 2499,
        "discountPersent": 62,
        "size": [
            {
              "name": "S",
              "quantity": 20
            },
            {
              "name": "M",
              "quantity": 30
            },
            {
              "name": "L",
              "quantity": 50
            }
          ],
          "quantity": 100,
          "topLavelCategory": "Men",
          "secondLavelCategory": "Clothing",
          "thirdLavelCategory": "shirt",
          "description":"A traditional garment embodying elegance and grace. Crafted from fine fabrics, it features intricate embroidery and a relaxed fit, providing comfort and style."
    },
    {
        "imageUrl": "https://rukminim1.flixcart.com/image/612/612/xif0q/shirt/l/k/9/40-pesfoslh871453-peter-england-original-imagp9zeq4yfdyzc.jpeg?q=70",
        "brand": "PETER ENGLAND",
        "title": "Men Slim Fit Printed Formal Shirt",
        "color": "white",
        "discountedPrice": 799,
        "price": 1599,
        "discountPersent": 50,
        "size": [
            {
              "name": "S",
              "quantity": 20
            },
            {
              "name": "M",
              "quantity": 30
            },
            {
              "name": "L",
              "quantity": 50
            }
          ],
          "quantity": 100,
          "topLavelCategory": "Men",
          "secondLavelCategory": "Clothing",
          "thirdLavelCategory": "shirt",
          "description":"A traditional garment embodying elegance and grace. Crafted from fine fabrics, it features intricate embroidery and a relaxed fit, providing comfort and style."
    },
    {
        "imageUrl": "https://rukminim1.flixcart.com/image/612/612/xif0q/shirt/i/k/g/44-vhsfbslbe51125-van-heusen-original-imaggav5mhzg359d.jpeg?q=70",
        "brand": "VAN HEUSEN",
        "title": "Men Slim Fit Solid Spread Collar Formal Shirt",
        "color": "white",
        "discountedPrice": 149,
        "price": 2599,
        "discountPersent": 45,
        "size": [
            {
              "name": "S",
              "quantity": 20
            },
            {
              "name": "M",
              "quantity": 30
            },
            {
              "name": "L",
              "quantity": 50
            }
          ],
          "quantity": 100,
          "topLavelCategory": "Men",
          "secondLavelCategory": "Clothing",
          "thirdLavelCategory": "shirt",
          "description":"A traditional garment embodying elegance and grace. Crafted from fine fabrics, it features intricate embroidery and a relaxed fit, providing comfort and style."
    },
    {
        "imageUrl": "https://rukminim1.flixcart.com/image/612/612/xif0q/shirt/d/u/z/42-7176-don-vino-original-imagzdwbntyrbhuf.jpeg?q=70",
        "brand": "Don Vino",
        "title": "Men Regular Fit Striped Spread Collar Formal Shirt",
        "color": "white",
        "discountedPrice": 649,
        "price": 1499,
        "discountPersent": 56,
        "size": [
            {
              "name": "S",
              "quantity": 20
            },
            {
              "name": "M",
              "quantity": 30
            },
            {
              "name": "L",
              "quantity": 50
            }
          ],
          "quantity": 100,
          "topLavelCategory": "Men",
          "secondLavelCategory": "Clothing",
          "thirdLavelCategory": "shirt",
          "description":"A traditional garment embodying elegance and grace. Crafted from fine fabrics, it features intricate embroidery and a relaxed fit, providing comfort and style."
    },
    {
        "imageUrl": "https://rukminim1.flixcart.com/image/612/612/l13whow0/shirt/p/3/a/44-dbhs1703-01-3bros-original-imagcr4fhjtjcyqw.jpeg?q=70",
        "brand": "3BROS",
        "title": "Men Regular Fit Solid Spread Collar Formal Shirt",
        "color": "white",
        "discountedPrice": 499,
        "price": 990,
        "discountPersent": 50,
        "size": [
            {
              "name": "S",
              "quantity": 20
            },
            {
              "name": "M",
              "quantity": 30
            },
            {
              "name": "L",
              "quantity": 50
            }
          ],
          "quantity": 100,
          "topLavelCategory": "Men",
          "secondLavelCategory": "Clothing",
          "thirdLavelCategory": "shirt",
          "description":"A traditional garment embodying elegance and grace. Crafted from fine fabrics, it features intricate embroidery and a relaxed fit, providing comfort and style."
    },
    {
        "imageUrl": "https://rukminim1.flixcart.com/image/612/612/xif0q/shirt/b/8/l/40-pesfwslp166652-peter-england-original-imagppkng4xknhhz.jpeg?q=70",
        "brand": "PETER ENGLAND",
        "title": "Men Slim Fit Solid Formal Shirt",
        "color": "white",
        "discountedPrice": 959,
        "price": 1599,
        "discountPersent": 40,
        "size": [
            {
              "name": "S",
              "quantity": 20
            },
            {
              "name": "M",
              "quantity": 30
            },
            {
              "name": "L",
              "quantity": 50
            }
          ],
          "quantity": 100,
          "topLavelCategory": "Men",
          "secondLavelCategory": "Clothing",
          "thirdLavelCategory": "shirt",
          "description":"A traditional garment embodying elegance and grace. Crafted from fine fabrics, it features intricate embroidery and a relaxed fit, providing comfort and style."
    },
    {
        "imageUrl": "https://rukminim1.flixcart.com/image/612/612/l02r1jk0/shirt/3/f/g/l-fbrml-r-fibermill-original-imagbxyujjfqtkyj.jpeg?q=70",
        "brand": "FIBERMILL",
        "title": "Men Regular Fit Solid Spread Collar Formal Shirt",
        "color": "white",
        "discountedPrice": 399,
        "price": 1599,
        "discountPersent": 75,
        "size": [
            {
              "name": "S",
              "quantity": 20
            },
            {
              "name": "M",
              "quantity": 30
            },
            {
              "name": "L",
              "quantity": 50
            }
          ],
          "quantity": 100,
          "topLavelCategory": "Men",
          "secondLavelCategory": "Clothing",
          "thirdLavelCategory": "shirt",
          "description":"A traditional garment embodying elegance and grace. Crafted from fine fabrics, it features intricate embroidery and a relaxed fit, providing comfort and style."
    },
    {
        "imageUrl": "https://rukminim1.flixcart.com/image/612/612/xif0q/shirt/i/5/1/2xl-regular-thesmoke-original-imagkxegg6bf6hdn.jpeg?q=70",
        "brand": "THESMOKE",
        "title": "Men Regular Fit Solid Formal Shirt",
        "color": "white",
        "discountedPrice": 599,
        "price": 899,
        "discountPersent": 40,
        "size": [
            {
              "name": "S",
              "quantity": 20
            },
            {
              "name": "M",
              "quantity": 30
            },
            {
              "name": "L",
              "quantity": 50
            }
          ],
          "quantity": 100,
          "topLavelCategory": "Men",
          "secondLavelCategory": "Clothing",
          "thirdLavelCategory": "shirt",
          "description":"A traditional garment embodying elegance and grace. Crafted from fine fabrics, it features intricate embroidery and a relaxed fit, providing comfort and style."
    },
    {
        "imageUrl": "https://rukminim1.flixcart.com/image/612/612/l4hcx3k0/shirt/d/5/s/m-th-smok-07-thesmoke-original-imagfdpsya5gghxt.jpeg?q=70",
        "brand": "THESMOKE",
        "title": "Men Regular Fit Solid Formal Shirt",
        "color": "white",
        "discountedPrice": 620,
        "price": 699,
        "discountPersent": 37,
        "size": [
            {
              "name": "S",
              "quantity": 20
            },
            {
              "name": "M",
              "quantity": 30
            },
            {
              "name": "L",
              "quantity": 50
            }
          ],
          "quantity": 100,
          "topLavelCategory": "Men",
          "secondLavelCategory": "Clothing",
          "thirdLavelCategory": "shirt",
          "description":"A traditional garment embodying elegance and grace. Crafted from fine fabrics, it features intricate embroidery and a relaxed fit, providing comfort and style."
    },
    {
        "imageUrl": "https://rukminim1.flixcart.com/image/612/612/xif0q/shirt/a/p/f/-original-imaghrnsmt48qmfm.jpeg?q=70",
        "brand": "PETER ENGLAND",
        "title": "Men Regular Fit Solid Spread Collar Formal Shirt",
        "color": "white",
        "discountedPrice": 751,
        "price": 1599,
        "discountPersent": 53,
        "size": [
            {
              "name": "S",
              "quantity": 20
            },
            {
              "name": "M",
              "quantity": 30
            },
            {
              "name": "L",
              "quantity": 50
            }
          ],
          "quantity": 100,
          "topLavelCategory": "Men",
          "secondLavelCategory": "Clothing",
          "thirdLavelCategory": "shirt",
          "description":"A traditional garment embodying elegance and grace. Crafted from fine fabrics, it features intricate embroidery and a relaxed fit, providing comfort and style."
    },
    {
        "imageUrl": "https://rukminim1.flixcart.com/image/612/612/xif0q/shirt/x/a/j/50-araesh0081-arrow-original-imaghszdnwydngzu.jpeg?q=70",
        "brand": "ARROW",
        "title": "Men Regular Fit Solid Spread Collar Formal Shirt",
        "color": "white",
        "discountedPrice": 919,
        "price": 2299,
        "discountPersent": 60,
        "size": [
            {
              "name": "S",
              "quantity": 20
            },
            {
              "name": "M",
              "quantity": 30
            },
            {
              "name": "L",
              "quantity": 50
            }
          ],
          "quantity": 100,
          "topLavelCategory": "Men",
          "secondLavelCategory": "Clothing",
          "thirdLavelCategory": "shirt",
          "description":"A traditional garment embodying elegance and grace. Crafted from fine fabrics, it features intricate embroidery and a relaxed fit, providing comfort and style."
    },
    {
        "imageUrl": "https://rukminim1.flixcart.com/image/612/612/xif0q/shirt/u/o/c/40-pesfonub175471-peter-england-original-imagm5zqbwuhpy3j.jpeg?q=70",
        "brand": "PETER ENGLAND",
        "title": "Men Regular Fit Solid Spread Collar Formal Shirt",
        "color": "white",
        "discountedPrice": 719,
        "price": 1199,
        "discountPersent": 40,
        "size": [
            {
              "name": "S",
              "quantity": 20
            },
            {
              "name": "M",
              "quantity": 30
            },
            {
              "name": "L",
              "quantity": 50
            }
          ],
          "quantity": 100,
          "topLavelCategory": "Men",
          "secondLavelCategory": "Clothing",
          "thirdLavelCategory": "shirt",
          "description":"A traditional garment embodying elegance and grace. Crafted from fine fabrics, it features intricate embroidery and a relaxed fit, providing comfort and style."
    },
    {
        "imageUrl": "https://rukminim1.flixcart.com/image/612/612/xif0q/shirt/z/k/b/40-k10k1105590g0-calvin-klein-jeans-original-imagga3egpkyhxbh.jpeg?q=70",
        "brand": "Calvin Klein Jeans",
        "title": "Men Slim Fit Striped Button Down Collar Formal Shirt",
        "color": "white",
        "discountedPrice": 4499,
        "price": 5999,
        "discountPersent": 25,
        "size": [
            {
              "name": "S",
              "quantity": 20
            },
            {
              "name": "M",
              "quantity": 30
            },
            {
              "name": "L",
              "quantity": 50
            }
          ],
          "quantity": 100,
          "topLavelCategory": "Men",
          "secondLavelCategory": "Clothing",
          "thirdLavelCategory": "shirt",
          "description":"A traditional garment embodying elegance and grace. Crafted from fine fabrics, it features intricate embroidery and a relaxed fit, providing comfort and style."
    },
    {
        "imageUrl": "https://rukminim1.flixcart.com/image/612/612/l15bxjk0/shirt/0/m/v/s-nvk-mand-nivick-original-imagcrw6hxz2ye7r.jpeg?q=70",
        "brand": "NIVICK",
        "title": "Men Slim Fit Solid Mandarin Collar Formal Shirt",
        "color": "white",
        "discountedPrice": 499,
        "price": 1499,
        "discountPersent": 66,
        "size": [
            {
              "name": "S",
              "quantity": 20
            },
            {
              "name": "M",
              "quantity": 30
            },
            {
              "name": "L",
              "quantity": 50
            }
          ],
          "quantity": 100,
          "topLavelCategory": "Men",
          "secondLavelCategory": "Clothing",
          "thirdLavelCategory": "shirt",
          "description":"A traditional garment embodying elegance and grace. Crafted from fine fabrics, it features intricate embroidery and a relaxed fit, providing comfort and style."
    },
    {
        "imageUrl": "https://rukminim1.flixcart.com/image/612/612/xif0q/shirt/8/a/d/xxl-aone-01-alpesh-original-imagzbnhcrz9dknk.jpeg?q=70",
        "brand": "Alpesh",
        "title": "Men Regular Fit Solid Spread Collar Formal Shirt",
        "color": "white",
        "discountedPrice": 420,
        "price": 999,
        "discountPersent": 57,
        "size": [
            {
              "name": "S",
              "quantity": 20
            },
            {
              "name": "M",
              "quantity": 30
            },
            {
              "name": "L",
              "quantity": 50
            }
          ],
          "quantity": 100,
          "topLavelCategory": "Men",
          "secondLavelCategory": "Clothing",
          "thirdLavelCategory": "shirt",
          "description":"A traditional garment embodying elegance and grace. Crafted from fine fabrics, it features intricate embroidery and a relaxed fit, providing comfort and style."
    },
    {
        "imageUrl": "https://rukminim1.flixcart.com/image/612/612/xif0q/shirt/m/b/m/-original-imagn5gt84cx4pgg.jpeg?q=70",
        "brand": "VAN HEUSEN",
        "title": "Men Slim Fit Checkered Spread Collar Formal Shirt",
        "color": "white",
        "discountedPrice": 1099,
        "price": 1999,
        "discountPersent": 47,
        "size": [
            {
              "name": "S",
              "quantity": 20
            },
            {
              "name": "M",
              "quantity": 30
            },
            {
              "name": "L",
              "quantity": 50
            }
          ],
          "quantity": 100,
          "topLavelCategory": "Men",
          "secondLavelCategory": "Clothing",
          "thirdLavelCategory": "shirt",
          "description":"A traditional garment embodying elegance and grace. Crafted from fine fabrics, it features intricate embroidery and a relaxed fit, providing comfort and style."
    },
    {
        "imageUrl": "https://rukminim1.flixcart.com/image/612/612/kxrvi4w0/shirt/v/k/d/38-pesfoslb493283-peter-england-original-imaga5p5shuyv6u5.jpeg?q=70",
        "brand": "PETER ENGLAND",
        "title": "Men Slim Fit Solid Spread Collar Formal Shirt",
        "color": "white",
        "discountedPrice": 839,
        "price": 1399,
        "discountPersent": 40,
        "size": [
            {
              "name": "S",
              "quantity": 20
            },
            {
              "name": "M",
              "quantity": 30
            },
            {
              "name": "L",
              "quantity": 50
            }
          ],
          "quantity": 100,
          "topLavelCategory": "Men",
          "secondLavelCategory": "Clothing",
          "thirdLavelCategory": "shirt",
          "description":"A traditional garment embodying elegance and grace. Crafted from fine fabrics, it features intricate embroidery and a relaxed fit, providing comfort and style."
    }
]